chat;tipe
Assalamualaikum Warahmatullahi Wabarakatuh 🙏Di sampaikan Bantuan DTKS Rp.900.000 sd 2.000.000 tahun ini 2025 telah di cairkan, buruan daftar dan cek nama anda Berikut daftar penerima bantuan ● Guru ● Sd,smp,sma,mahasiswa ● Pekerja harian ● Bantuan keluarga ● Pegawai baru ● Lansia DLL CEK DAN DAFTAR PENERIMA👇 :https://portal19.rgester-now.web.id/;phising
Assalamualaikum warahmatullahi wabarakatuh 🙏Alhamdulillah Bantuan MAKAN BERGIZI GRATIS (BMG), PROGRAM KELUARGA HARAPAN (PKH), IURAN JAMINAN KESEHATAN (IJK), dan BANTUAN PANGAN NON-TUNAI (BPNT) sudah cair awal Desember 2025 - akhir JANUARI 2026. INFORMASI SELENGKAPNYA SILAHKAN CEK DI WEBSITE DI BAWAH INI: https://portal19.rgester-now.web.id/ #infobansos #bansosindonesia #bansoskmp #bansospkh #bansosbpntpos;phising
"Ass,,Bpk/Ibu
Tersedia Pinjmn
Tmpa Agunan
Dngn
Bung 2%/Thn
Miniml 5 jt S/D 500jt
Untuk Inf0 Chat
Whatsap 081377738575";phising
"Selamat... Anda
mndptkn hadiah
dari shopee
dgn kode
pin:AD25MD47
untk info klick:
bit.ly/supershoppingday99-2020";phising
"Yth BAPAK/IBU
SPESIAL AWAL TAHUN
PUNYA MASALAH DI SEGI FINANCIAL DAN BUTUH.
PINJMN DANA DARURAT!!!???
(NON BANK) 5jt-500jt
INFO WA : 0852-8336-0989";phising
"JASA DUKUN SANTET & PELET RESMI TERPERCAYA
1. Pesugihan 
2. Santet
3. Pasang Susuk
4. Menang Perkara
Tlp/Wa. 081240837779";phising
"Ass,,Bpk/Ibu
Tersedia Pinjmn
Tmpa Agunan
Dngn
Bung 2%/Thn
Miniml 5 jt S/D 500jt
Untuk Inf0 Chat
Whatsap 081377738575";phising
"Selamat... Anda
mndptkn hadiah
dari shopee
dgn kode
pin:AD25MD47
untk info klick:
bit.ly/supershoppingday99-2020";phising
"Yth BAPAK/IBU
SPESIAL AWAL TAHUN
PUNYA MASALAH DI SEGI FINANCIAL DAN BUTUH.
PINJMN DANA DARURAT!!!???
(NON BANK) 5jt-500jt
INFO WA : 0852-8336-0989";phising
"Asslm wr.wb kami mnawarkan
Pinjaman dana untk usaha,
Berobat dll, dgn bunga 2%
Pertahun mnml pijmn 5-500jt
Proses mudah&cepat info
WA;087865547457";phising
"BUAT BPK/IBU YG 
LAGI BUTUH BIAYA TANBAHAN
UNTUK USAHA DLL 
KAMI SIAP MELAYANI
ANDA DGN BUNGA 2%/PERTAHUN
MIN 5 JT-500 JT
INFO WASPPA:082260512778";phising
KSP SEJAHTERA BERSAMA Mnawarkan pinjaman berbasis online tanpa agunan dan tanpa survei bunga rendah hanya 2% MIN pinjaman 5jt sampai 500jt info WA 087827398789;phising
"kami menawarkan 
pinjaman dana dengan bunga rendah
dan cepat cair dijamin amanah
minimal 5jt sampai 500jt
minat chat whatsapp; 085333103541";phising
Alhamdulillah berkat bantuan AKI  JAGAT semua hutang  sy udah lunas,ingin sperti sy slahkan KLIK www.layanan-pesugihan.com;phising
maaf mengganggu bpk/ibu saya bpk dermawan bisa membantu anda masalah keuangan hanya dgn bunga 2% info wa 087709373769;phising
"Maaf Mengganggu Waktunya Pak/Ibu
Kami Dari KOPERASI
Menawarkan PINJAMAN-ONLINE
5jt Sampai 500jt
Poses Cepat Bunga 2% Pertahun
Info Whatsapp :0823-1757-2717";phising
Hanya Kk & Ktp Sudah Bisa buat modal usaha dengan bunga% Min 5-500jt Melayani Seluruh Indonesia Minat WA:087844302111 tks...;phising
Info Pinjaman Tunai Cepat Cair Dan Terpercaya Tampa Agunan Tampa Riba Info Chat WA:085248724234;phising
"KSP SB
Butuh Dana Cepat? Buat
-Modal
-Biaya Pendidikan
-Biaya Berobat
-DLL Tampa Agunan
Mulai 5jt S/D 500jt Dgn Bunga 2% PerTahun
INFO http://bit.ly/2L9J21t";phising
Ass, Bpk/Ibu, Kmi Menberikan Pinjaman Modal Dgn Bunga 2% Mdh Terjamin Dan Amanah, Chat di Wa: 087765378585;phising
"dana pinjaman 
berbaris online
mulai 2Ojt s/d 1.milyar 
minat chat wa;085348099737";phising
"KSP.SEJAHTERA BERSAMA
Menawarkan Pinjaman Dana Online (bunga 0.6%)
Minat Chat/WA 085341977016
Limit Sampai 500 Juta
Tenor max 10 Tahun";phising
KSP. Sejahtra Bersama Melayani pinjaman degan bunga 4%, Min 5jt s/d 500jt, jaminan kk&ktp. Minat? wa: 085244082486;phising
"MasterRupiah Bunga 0.6% Syarat Mudah Tanpa Deposit Awal & Biaya Admin, KTA Multiguna TakeOver NoBiChacking Wa:0816208901
https://masterrupiah.com";phising
"Berbasis SYARIAH 100% Tanpa Riba
Solusinya hanya di 
KSP BAITUSSALAM
MENWARKAN Pinjaman online
Proses Cepat & Aman
Minimal 5jt-250jt
Minat WA : 0852 1413 4052";phising
"KSP SEJAHTERA
melayani pinjaman
mulai 5jt-500jt
cepat & mudah
Bunga 4%
U/info
hub/chat 
via WA:0853-4972-8464";phising
"KSP SEJAHTERA BERSAMA
Butuh Dana Cepat? Buat
-Modal
-Biaya Pendidikan
-Biaya Berobat
-DLL
Mulai 5jt S/D 500jt Dgn Bunga 0,6%
PerTahun
INFO Chat WA 082352241375";phising
"(KSP SEJAHTERA BERSAMA)
Melayani pengajuan pinjaman berbasis 
ONLINE Tanpa agunan min pinjaman 5 s/d 250jt 
Bunga Cuma 2% minat Chat Via WA: 085360130404";phising
"Butuh Pinjaman Dana Tunai
min 5jt-500jt
Syarat KTP & KK
Bunga Ringan 1%/thn
BUAT MODAL USAHA
RENOFASI RUMAH DLL,
WA:082264377986
klik: http://bit.ly/2YbKAv7";phising
"KSP.SEJAHTERA BERSAMA
Menawarkan Dana Pinjaman Proses Mudah & Cepat
PLAFOND 5 s/d 500 Juta
TENOR 1 s/d 7 Tahun
Bunga 0,6 %
Minat Chat WA' 085246610231";phising
"Salam Bpk/Ibu
Kmi Ad pnwaran Modal Usaha DLL
Dngan Bnga 2%/thun Proses Cair Dlam 2 jam
AMan, Amanah & Tnpa Anggunan
Mnat hub Whatsup 087788789777";phising
"Asslm wr.wb kami 
Dari koperasi mnawarkan
Pinjaman dana untk usaha,
Berobat dll, dgn bunga 2%
Perthun mnml pijmn 5-500jt
Proses mudah&cepat info
WA;082217122699";phising
"BIG PR0M0 CUCI GUDANG..!!!
IPHONE:750ribu
SAMSUNG:750ribu
OPPO:750ribu
VIVO:750ribu
dan laptOp 1jt minat 
Silahkan cat/wa 0852-4027-1562";phising
Yuk berbagi kata cinta di SMS Hitz super ASYIK! Gabung GRATIS/1hr, balas SMS ini, ketik: OKE;phising
Dptkan vocer 500rb, aktfkn RBT BEBAS AKSES 7hr prtma: Inul Daratista-Masa Lalu trf slnjtnya 7rb/30hr, 2rb/7hr, 1rb/3hr (sesuai pulsa) Balas sms ketik: UNTUNG2;phising
"SHOPEE
Slmt.
No.+6287784xxxxxx
Anda resmi
Men-dptkan hadiah
Ke-2 cek tunai
Rp.175jt KODE
ID PEMENANG:(AD25MD47)
U/info hadiah
Klik.
www.grandprize55.online";phising
"SHOPEE INDONESIA
Selamat No Anda
resmi terpilih meraih
Hadiah ke-2
Rp.175jta
dari SHOPEE
ID pemenang
(J7K2B59)
U/info hadiah klik;
bit.ly/shopee3347";phising
"PESAN RESMI !!!
SELAMAT ANDA
TERPILIH SEBAGAI
PEMENANG HADIAH
KE-2 dr SHOPEE 2019 
Code ID;25f4777 
U/info klik;
www.big-shopee37.blogspot.com";phising
"LAZADA ID
Markatplace No 1
Ucapkan SELAMAT
Anda Trdaftar Pemenang
LAZADA 11.11 Hadiah
JUTAWAN Rp.125Jta
ID:MP47AD7
Info
bit.ly/lazada-win11";phising
"SELAMAT..
Anda resmi
men-dpatkan
HADIAH KE-2
Rp.175 juta.
Dri LAZADA2019
ID;02498123
U/info hadiah klick;
bit.ly/call-centerlazada29";phising
"PT.SHOPEE
MENGUCAPKAN
SLAMAT!!!
NO anda resmi
m-dptkn hadiah
Ke-2 cek tunai
Rp.175jt
dri pt.shopee
PIN:B8337H9
U/info klik:
www.shopeetbk29.blogspot.com";phising
Anda mendapat 700.000 TUNAI, silakan klik tautan untuk mendapatkannya: http://isat.ekontan.com/01/14bskn0y WA CS:085777640327;phising
"SIM C4RD ANDA
M-dptkan
1unit mobil T0Y0TA INN0VA
dr myPERT4MIN4
Pin Pemenang Anda: 789fr77
Klik link: bit.ly/undianmypertamina";phising
"sLMt!No whatsapp
Anda Men-dptkn
Rp.175.000.000
PIN:D33C879
cek di:
bit.ly/info-resmi314";phising
"sLMt!No whatsapp
Anda Men-dptkn
Rp.175.000.000
PIN:D33C879
cek di:
bit.ly/info-resmi314";phising
"Anda M-dptkan
125,000.000.00
ID Anda (AAQ2099)
cek ID Anda
bit.ly/promoshopee567";phising
"PESAN RESMI !!!
anda pemenan
Rp150.000.000
Dari SHOPEE SALE
PIN ID:IJ4T547
Cocokan PIN anda di
bit.ly/mensaleshopee22coid";phising
"Anda Pemenang KE-2
Rp.150.000.000,00
SHOPEE REJEKI
awal tahun 2020
TOKEN ID (B8337H9
Silahkan buka link di bawah:
s.id/rejekianksholeh
Cek HADIAH anda";phising
"Anda Pemenang
SHOPEE NEW YEAR
Rp. 150.000.000,-
PIN (iJ4T547)
Info Klik Link :
s.id/pt-shopeeawalthn";phising
"Slmt No. Anda Mendapatkan
Hadiah Rp.100jt Dari
PT. WHATSAPP
ID: UF77957
INFO Klik Link URL di bawah ini:
bit.ly/wa-2019";phising
"SIMcard Anda Mendapatkan Penghargaan Ke.5 Dari ERA JAYA Kode pin (479kl278) U/info klik:
https://bit.ly/info-erajaya29";phising
"SHOPEE 9.9
Slmt
No.Anda Resmi
Mendaptkan Hadiah
Ke-2 Cek Tunai
Rp.185jt Code ID
Pemenang;(AD25MD47)
U/Info Hadiah
Klik.
bit.ly/info-shoppingday99";phising
"Selamat anda.
Terdaftar di
BPJS INDONESIA
Sebagai Penerima 
dana Bantuan.
Rp.175juta
U/info klik:
bit.ly/dana-bpjs21-indonesia

Masukkan PIN di Locked:
57DL77";phising
"selamatAnda M-dpatkan
C3K Rp.189.000.000
dari.PERTAMINA
CODE ID;(717747)
info lanjut;
WA;0822-5016-9377
Atau klik;
bit.ly/pertamina377";phising
"PT.WhatsApp
Slmt.
Men-dptkan hadiah
Ke-2 cek tunai
Rp.175jt KODE
ID PEMENANG:[WHA012]
U/info hadiah
Klik.
bit.ly/infohadiah-wa747";phising
HADIAH KHUSUS UNTUK PENGGUNA TELEGRAM AKTIF 1)VOUCHER GRATIS UNTUK DI SEMUA OPERATOR 2) BEBAS KOUTA UNTUK AKSES DI SEMUA FITUR TELEGRAM SELAMA 3 BULAN HADIAH DI RESMI KAN DARI TELEGRAM DALAM RANGKA MENINGKATKAN PENGGUNA TELEGRAM CARA AMBIL HADIAH NYA SILAKAN LANGSUNG ISI LINK DI BAWAH👇 https://is.gd/gratispulsa500ktelegrampromo;phising
